{
"marker" : flag,
"text" : "",
"tsec" : 1739190116.7063491,
"mlat" : -35.34181689128029,
"mlon" : 149.15240862224513,
"vlat" : -35.343313100,
"vlon" : 149.147548600,
"valt" : 1070.22,
"gspeed" : 10.015772561315478,
"ghead" : 88.13,
"roll" : -0.24559874155612846,
"pitch" : -27.214957049807506,
"yaw" : 88.13944531418835,
}
